Comment;label;source
5 - 0 in the first 30 mins... wow...;;reddit
"""The last time I saw a brazillian get fucked this hard by 11 germans was on pornhub.""";;reddit
"Do you know that feeling when you go take a dump, and when you come back brazil has imploded? 

I didn't even know they had knock outs in football";;reddit
[deleted];;reddit
What the fuck is happening;;reddit
[My reaction to the Germans right now](https://www.youtube.com/watch?v=mAUY1J8KizU);;reddit
http://i.imgur.com/duh3R8r.jpg;;reddit
http://i.minus.com/i8Noum4fZjDPV.gif;;reddit
This is like the Red Wedding of futbol games. ;;reddit
German here. Love this team, but WTF Brasilia, are you even in the stadium?;;reddit
"IÂ´m feeling so sad for the brazilian fans right now. 
But otherwise IÂ´m german and giggling like a girl ";;reddit
7 - 1 - Most embarrassing semi, since I went to see Brokeback mountain with my dad at the pictures.;;reddit
7-0 score, I'm a german, but at this point I want brazil to shoot a few goals. You just don't beat someone to a pulp like that, not on live tv.;;reddit
I tried uploading the video of the match to Pornhub, but they wouldn't accept rape. ;;reddit
it's like basketball;;reddit
Mit dem Herz in der Hand und der Leidenschaft im Bein werden wir WELTMEISTER SEIN!!!;;reddit
When it rains, it pours!;;reddit
"""It will be a great game!"", they said.";;reddit
This reminds me of the Canucks vs Bruins game that started the Vancouver riots. I could barely believe my eyes when I came in at 3-0, and it only got worse, RIP Brazil.;;reddit
im waiting for the first one who called this match sold;;reddit
The only way Brazil is going to score is by own goals.;;reddit
The ghost of Colombia! ;;reddit
Somebody's going to be very sad today. Brazil seems to have lost its fighting spirit.;;reddit
As a German, I think I will have to change my pants;;reddit
[deleted];;reddit
Missed the game. Anyone can tell where can I download the full match? Thanks.;;reddit
"Funny story: I've had some accumulator bets and the last match on those tickets was Germany to beat Algeria. Just one goal would have been enough. But noooooo, the fuckers couldn't even take a free kick. And now this happens...

/rant";;reddit
6*;;reddit
This is the worst defeat I've ever watched, just wow;;reddit
It's crazy that I could've missed 4 goals if I just had gone to kitchen for 5-6 minutes to make a cup of tea;;reddit
"Respond to this comment with relevant:
GIFs / Stats / Quotes / Memes / Links

I am a bot, and this action was performed automatically. Please contact the moderators of this subreddit if you have any questions or concerns.";;reddit
As an England supporter, wtf is sterling doing , he keeps diving for no reason ffs.;;reddit
Highlight of the match so far, my girlfriend asking â€œwhat we are booing at?â€ and the only acceptable answer was â€œbeing Italianâ€;;reddit
Well won by Italy. Congrats.;;reddit
I only get into football in major tournaments so I know my level of patriotism is probably insultingly low for some people but, as an Englishman, bloody hell this was fun to watch. The whole tournament has been tense and exiting. Congrats Italy ğŸ‡®ğŸ‡¹ congrats England ğŸ´ó §ó ¢ó ¥ó ®ó §ó ¿ and thanks for making these past few weeks fun again;;reddit
Holy shit the pope is there!;;reddit
Anyone else see Mario and the Pizza Jester in the crowd. Who leaves the house like that!?;;reddit
If you can't beat em, kill em;;reddit
Italy got the nicer fans ngl;;reddit
How long til the riots start?;;reddit
Those substitutes at 119' were the biggest mistakes, followed by putting Saka as the 5th taker.;;reddit
As an Italian, i must say that we are playing like shit;;reddit
It's definitely going to go to penalties. I predict riots in city centres tonight.;;reddit
Not confident. Donnarumma is a fucking mountain;;reddit
the power of the pope strikes again. gg italy.;;reddit
Best luck to that dude who missed on that pole;;reddit
"Not the most entertaining game, but the best team on the day won.  
Italian's were more creative, England had great spells, but resorted to long ball football for much of the 2nd half.   
Nobody disgraced themselves.  
Chiesa and Shaw the pick of the players on each side.";;reddit
ITALIA ITALIA ITALIA;;reddit
Karma for the German girl;;reddit
how does southgate put that weight on sakas shoulders such a terrible decision;;reddit
CONGRATS ITALY!!;;reddit
Fair play Italy, you deserved it.;;reddit
Fantastic game! Both teams played hard to the end. Well done Italy and good game England. I hope to see both in the finals again in the future.;;reddit
I love Italy and Italy has always been my second team, but tonight I'm supporting my first team England ğŸ´ó §ó ¢ó ¥ó ®ó §ó ¿ ğŸ¤ ğŸ‡®ğŸ‡¹;;reddit
Good god the tension;;reddit
England in control at the moment. Going to be dangerous now with Grealish out there. Hopefully Italy can steady things a bit and wrestle control back.;;reddit
Can we get an F for grealish?;;reddit
Penalties;;reddit
"Pickford!
Damn that was a good save.";;reddit
FOOTBALLâ€™S GOING TO ROME!;;reddit
FORZA ITALIAAAAâš½ï¸ğŸ‡®ğŸ‡¹ğŸ‡®ğŸ‡¹ğŸ‡®ğŸ‡¹ğŸ‡®ğŸ‡¹;;reddit
[deleted];;reddit
Three minutes in, holy fuck;;reddit
And now it gets interesting.;;reddit
Graelish for mount surely;;reddit
[deleted];;reddit
Link for the intruder who got in the field and danced?;;reddit
Grealish about to get ghoulish.;;reddit
How many yellow cards do the Italians have now?;;reddit
Did he die?;;reddit
Nasty;;reddit
Holy shit. History;;reddit
Incredibly close match and incredibly well played by both teams, was routing for England but GG Italy you played well.;;reddit
If you look at the stats, you can see Italy played a belter.;;reddit
Seriously, this was a great game! So much better than the Copa final. GG Italy, and GG England. Italy was slightly better, so the result was accurate, despite the dramatic fashion;;reddit
Well done Italy deserved on balance but England played well and couldâ€™ve gone either way. Fans were better today and regardless of the moron mentality of some England fans our team culture has been excellent throughout the tournament.;;reddit
It's going Rome!!!;;reddit
That cross was on point.. damn;;reddit
One of fastest playing I've seen in a while. That early score is going to keep this moving;;reddit
My beagle Jack loves to watch football, any football. But especially when thereâ€™s a Brit doing commentary. I swear he bets on the games.;;reddit
Fair play Italy, nicely done.;;reddit
How long is extra time?;;reddit
"England goal keeper. 100% commitment on that shot. 

He was hugging that as Italian ran up to kick. That was a solid save. Kick to head at that momentum would of been nasty.";;reddit
Okay why is Southgate substituting a sub? Like why?;;reddit
Wow! Rashford;;reddit
Home is in Rome.;;reddit
Yesssss;;reddit
ITALIA!!;;reddit
"England here. 

The Italy that won tonight was an Italian side I was not expecting. I was expecting tears and crying and diving  and red card drama and got â€¦ like none of that. Just a good team.

Well played, Italy. Itâ€™s not bad to lose to such a team";;reddit
Another long past due debt paid by football. Mancini's first senior international trophy with Italian national team!;;reddit
"[CALLED IT!](https://www.reddit.com/r/football/comments/oh9o01/england_or_italy_eurochamps/h4pd20p?utm_medium=android_app&utm_source=share&context=3)
Kudos Italy!";;reddit
Was a good run england;;reddit
Credit to Mancini for getting this Team from nothing to best;;reddit
"""Booo tHe oThEr tEaM haS tHe baLL""";;reddit
If their fans weren't such pigs I would feel sorry for England. I wonder how many of the Italians at the Stadium will make it home tonight.;;reddit
Even football wanted to stay in the EU.;;reddit
5-1 italy (yellow cards);;reddit
IT'S GOING FUCKING ROMEEEE!!!ğŸ‡®ğŸ‡¹ğŸ‡®ğŸ‡¹ğŸ‡®ğŸ‡¹ğŸ‡®ğŸ‡¹ğŸ‡®ğŸ‡¹;;reddit
[removed];;reddit
Would have been a disgrace had England won. 5/6 games at home with 90% home crowds in what was supposed to be an Euros held across the continent.;;reddit
LET'S GO ENGLAND!;;reddit
Well, England is honestly playing much better than Italy so far, the defence is great;;reddit
Bloody good shot from Italy right there;;reddit
Both teams diving because they're playing football lol.;;reddit
ITS GOING ROME BABY;;reddit
Thank god;;reddit
"If football was likened to a boxing bout, then Gareth southgate just sits on the ropes for 12 rounds, hoping he doesn't get ko'd.

I don't understand why he doesn't try to throw punches back with the attacking talent he has in the squad. Go and win the game.";;reddit
Did I just hear them booing the Italian anthem?;;reddit
Dang, Italy plays rough this game. Holy;;reddit
Donnarumma and Pickford are both beasts, but I am glad that Italy won in the end to be honest;;reddit
Maguire, pickford, and kane played well. Grealish came on late, and tried, but couldn't do much. Italy played an even better game though, and seeing their roughness, compared to England's flopping about like fish, was funny. Obviously, italy wasn't perfect on that: they took a few dives. But england was worse I think;;reddit
Arenâ€™t we all happy because England lost?;;reddit
Holy shit;;reddit
Y'all saw Tom Cruise in the stands? I wonder who he's rooting for;;reddit
This ref is annoying !!;;reddit
Close call for England!;;reddit
Italy deserve that... Been dominating this half ğŸ‘;;reddit
Southgate's faith in Mount is mindboggling;;reddit
Alright how can yâ€™all say this ref is favouring England lol;;reddit
It's still coming home come on engalnd!!!;;reddit
3rd yellow card to ITA now;;reddit
What a game. English fans deserved this fucking loss;;reddit
Does anyone have a video of the streaker? The most entertaining thing all game and they don't show it. I mean I get why they don't show it but still;;reddit
What a late flag.;;reddit
Going to penalty kicks!?;;reddit
brutal way to end. Glory and misery coming up in next 10 mins.;;reddit
What the fuck;;reddit
Is he allowed to stutter like that? Seems a bit cheap.;;reddit
"Fucking penalties again. Heartbroken.

GG Italia.";;reddit
hooooly shit;;reddit
Listening to commentators on ITV is just bliss right now lmao;;reddit
Iâ€™m taking up netball;;reddit
Unlucky ğŸ˜­ğŸ˜­;;reddit
Wait who won;;reddit
Rashford should be hitting the target;;reddit
I enyojed tremendously to see England beaten. I am not an Italian fan, by the way.;;reddit
"Might as well body slam him if youâ€™re only handing out yellows.

Dumbest shit Iâ€™ve ever seen.";;reddit
"That was an nasty foul, yellow card?

Really?";;reddit
Slow motion has ruined fans perception of calling yellows/reds etc. It looks malicious at 0.25x, what about at normal speed? It's careless but not malicious imo.;;reddit
"Lol.. I dont see any ""its coming home"" now.. What happened..?";;reddit
as English man itâ€™s ashame we lost but we didnâ€™t deserve to win we got dominated the majority of the match. The fans who shout racist chants also are absolute goons.;;reddit
"Dear England,

BAHAHAHAHAHAHAHAHAHAHAHAHAHAHAHAHAHAHAHAHAHAHAHAHAHAHAHAHAHAHAHAHA ğŸ˜‚ğŸ˜‚ğŸ˜‚ğŸ˜‚ğŸ˜‚ğŸ˜‚ğŸ˜‚ğŸ˜‚

That is all.";;reddit
ğŸ‡¬ğŸ‡ªğŸ‡¬ğŸ‡ªğŸ‡¬ğŸ‡ªğŸ‡¬ğŸ‡ªğŸ‡¬ğŸ‡ª com e on ingerland;;reddit
I can hear Oasis in the pubs already.;;reddit
Thought I'd watch the last few minutes as a non fan and immediately an injury was faked. I don't understand why dishonorable stuff like that is allowed?;;reddit
YEEEEEEEEESSSSS ITALIA!!!!! ITS GOING TO ROME!!!!!!!!!!!!;;reddit
It's coming Rome!;;reddit
FU england!!!!!! Forca Italia!!! Queen and Johnson cry me a river baby!!!;;reddit
Gg for England,  by Italy;;reddit
Everyone, please cheer for Italy!!!;;reddit
England lost - THANK GOD - As a Welshman having to hear the BBC harp on about 1966 for 54 years is bad enough. I just didn't want to go to my grave hearing about this match .;;reddit
England are world class atm;;reddit
Iâ€™m supporting Italy but good lord is it hard to cheer for them when they constantly waste time by flopping;;reddit
Worst subs of all time?;;reddit
Absolutely gutted for Pickford. The man played exceptionally the whole tournament and in the final, only to be let down by his team in the end.;;reddit
How the hell is that not a red card?;;reddit
The pinnacle of Italian football is intentionally pulling an opposing player down to the dirt by their collar.;;reddit
Italy raped England, what a relieve;;reddit
Lets go England got what they fucking deserved;;reddit
THANK GOD dive god Sterling and Kane lost. That's all i hoped and i got it delivered, easily my favourite ending of all time.;;reddit
First time watching soccer in years. Love the sport, but man there's a lot of diving.;;reddit
Italy looking dangerous so far this second half. Hopefully can build some momentum and level things up.;;reddit
FUCKING FINALLY!!!Destoyed England ğŸ‡®ğŸ‡¹ğŸ‡®ğŸ‡¹ğŸ‡®ğŸ‡¹ğŸ‡®ğŸ‡¹ğŸ‡®ğŸ‡¹;;reddit
LMAO CHIELLINI;;reddit
Theory: sterling don't dive... He's perpetually falling;;reddit
Here comes grealish;;reddit
COM ON INGERLAND SCOR SOM FACKIN GOOLS;;reddit
Well done Italy. Were the better side this game. We were literally watching you with the ball for most of it lol;;reddit
Messi won the Copa and England lost, a wonderful Weekend!;;reddit
why are the english removing their medals instantly?;;reddit
What the fuck thats a red card;;reddit
Anyone want to explain why that isn't a red?;;reddit
Should've been a red card. Pulled him down completely. Inexcusable play.;;reddit
Pickford is the real MVP.;;reddit
COME ON ENGLAND;;reddit
Can I get a stream link;;reddit
Is it just me or is all the trouble outside the stadia the work of Millwall, West Ham and Chelsea supporters?;;reddit
Iâ€™m in Italy and want to live stream from my phone (for free?) help a brother out?;;reddit
England can't even secure their stadium properly, idiots;;reddit
Oh fuck;;reddit
GAME INTENSIFIES!!!!!!!;;reddit
That's what we get for playing  so deep and slow and looking like we were coming out in that 2nd half to hang onto the 1-0 lead...;;reddit
It isn't over yet;;reddit
Why is the England goalie screaming at his defensemen?;;reddit
It's coming to Rome;;reddit
Flops are so obvious;;reddit
"What are you guys thinking? goal in the 90+4th min? ;)";;reddit
E.T.;;reddit
What's the techno song that English fans keep dancing to?;;reddit
This used to be a good game, what happened?;;reddit
If it goes to penalty kicks, who wins?;;reddit
Big Daddy Kane.;;reddit
fucking England;;reddit
Back-a da net!;;reddit
OH NO;;reddit
LESSS SFUCKIN GOOOOSKSISIS;;reddit
Woooooh;;reddit
What a save!;;reddit
Fuck yeah;;reddit
SEEEEEEEEEEEEEEEEEE AFAMMOCC SIIIIIII;;reddit
LETSGOO ITALY;;reddit
LET'S GOOO PORCODDIO;;reddit
Grattis Italy!;;reddit
Why are the English players taking their medals off?;;reddit
the only thing that comes home to england is their shitty team and fans;;reddit
Italians are play so dirtyâ€¦ surprised they dont have a red yet;;reddit
How was that not a red??;;reddit
How the fuck is that not a red card?;;reddit
The fuck???? How is that not a red;;reddit
Pickford is great, way too good for that largely trash team.;;reddit
"Congrats on the Win Italy! 

~Signed Entire South Asia";;reddit
Come on England!;;reddit
Is it just me or does the game feel really slow? Besides the first 3 minutes.;;reddit
As an Englishman this ref is making calls in our favour;;reddit
Fucking red. Saka was clear in the half;;reddit
Itâ€™s going Rome;;reddit
Italy is this football or bloodbowl?;;reddit
Damn Italy really be bloodhounds tonight;;reddit
Calling it ref washed his red flag with his white shirt and now has a pretty pink shirt and no red flags;;reddit
Porn Hub: watch rough Italians gangbang a group of sweaty Englishmen.;;reddit
England need to practice penalties.;;reddit
Southgate is still the one. Penalties are a bullshit of life.;;reddit
[deleted];;reddit
That's a red card all day long! Unbelievable...;;reddit
YES! 1:1 ğŸ‡®ğŸ‡¹;;reddit
Letâ€™s go Italy!!!! finally... they deserved that goal. awful officiating this entire game;;reddit
Based Chiellini gives no fucks at all;;reddit
In comes Grealish;;reddit
Fair penalty, however the Italian player doesn't need to act like they have to amputate his leg.;;reddit
Horrific subs by England for the penalties;;reddit
"Good game everyone!

Any reason why Italy didn't have another penalty kick there? I'm confused -_-";;reddit
"Well fair play Italy clearly not favourite at the start just goes to show you donâ€™t need superstars to win a tournament. 

Now letâ€™s jump on twitter and see how much abuse saka rashford and sancho will get";;reddit
Oh well thereâ€™s always the World Cup itâ€™s coming home;;reddit
[Me coming into this thread](https://youtu.be/GmOgHZUgllU);;reddit
Why r they playing in London again? Isnâ€˜t it kinda unfair?;;reddit
CAM ON INGERLAND, SCORE SAM GAOS;;reddit
Stonewall red card. No idea how it's not.;;reddit
HOW is that not a red?!?;;reddit
This isnt the coloseum italy;;reddit
At least there wont be a load of extra chromosome bellends with Fodens slim shady haircut running about.;;reddit
[deleted];;reddit
English fans got it coming;;reddit
âš½âš½âš½ lets go england!!!!!!;;reddit
[deleted];;reddit
Saka was literally punched to the ground, he's lucky it's not a red card;;reddit
worm psychotic repeat squalid roof plants head truck governor expansion ` this message was mass deleted/edited with redact.dev `;;reddit
"Sterling may not be a world-class player, but he's truly a prodigy when it comes to diving. No player in the world can dive like that man. 

And hey, it's the one factor that got england this far! Let's take our hats off to england for what they really are the champions at - complaining.";;reddit
"Let's be honest, it's a lot more accurate to say it's coming home when italy wins than if england, a second rate football nation for decades, had won. 

Great game italy, fuck england who only got here because of the officials.";;reddit
"Says a lot about this sub that there's way more people telling the English to go fuck themselves than there is congratulating the Italians. It's almost like it was never about football for most of you huh?

Congrats on the win team Italy.";;reddit
Boring ass game. This is why every draw should have penalties;;reddit
can they give a red after the fact?new to football!;;reddit
England Fans are so rude;;reddit
If any englishman wants to know why noone from outside england supports their team, i think they ought to listen too the deafening booing whenever italy does anything.;;reddit
"I didn't watch the game, so did ""it"" come home?
Hahaha, just kidding dive boys can't win.";;reddit
The Italians in this subreddit sure are gracious winners, lol;;reddit
Iâ€™m sure the N word isnâ€™t flying around England tonightâ€¦;;reddit
I've had it with the Anglophobia in this sub, and the dogshit mods doing fuck all about it. Just watch the fucking game.;;reddit
England is fucking shit.;;reddit
Sterling cost the game for England. So many opportunities close but was trying to draw fouls in the box. Shameful;;reddit
Go Italy;;reddit
How long is halftime? Haven't watched soccer in years.;;reddit
How come nobody is talking about how unfair it is that the game is inEngland? 3rd game in a row in Wembley? England as a Corona hotspot?? Italian fans have to travel there 14 days before the match to watch it because of quarantine?! Canâ€˜t tell me that this EM isnâ€˜t bought hahah;;reddit
YESS;;reddit
YESSSSS BENUCCIIII;;reddit
LETâ€™S FUCKING GOOOO!;;reddit
I have no dog in this fight, just happy to be here.;;reddit
Henderson with the dive, lol. I bumped my nose!;;reddit
Italy are not letting england bully them;;reddit
I almost came when I saw the englishman lose;;reddit
Pickford, [you shall not pass](https://youtu.be/3xYXUeSmb-Y);;reddit
ahahahahahahahhaahahha;;reddit
"Iâ€™ve been a football fan since the early 90â€™s and Iâ€™m English. 

Iâ€™m also a Wolves fan, and I go crazy for every single Wolves match there is. But is it normal for me to not care about England for the last 15 years or so?

Iâ€™m happy we got to the final this time, but any old Wolves match has always filled me with far more excitement.";;reddit
Wow. How unexpected for England to Lose in their first Real test. Pathetic sportsmanship (dives All over), pathetic hostility and pathetic footballteam. Hope they wont win anything for another 60 years.;;reddit
We're all going England crazy!;;reddit
And the fucking british scored, fuck them!;;reddit
Italy heavily in control here. Good thing England goalie came in clutch!;;reddit
How was that not a red?!;;reddit
England players diving all over the place there lmao so embarrassing;;reddit
Horse status: darkening;;reddit
"Stop scheduling matches in this stadium if you want to win football games

I'm looking at you as well Union this place does not allow you to succeed";;reddit
"This German team has ""limps out in Round of 16 exit at the EUROS"" all over them...";;reddit
AbdÃ¼lkerim played the match of his life. What a beast.;;reddit
I have said it before but we really have lost our defensive identity. Everyone can score against us and most teams can score multiple times and they all know it. We surely have a quality problem, players like Lahm and Boateng have stabilized our defense for years but we also try to many different setups with coaching decisions which are weird at least.;;reddit
not so bad for an away game for germany;;reddit
the DÃ¶ner guy next door yelled into the street that his DÃ¶ner is 50% off tonight;;reddit
My man Julian thought playing Havertz as LB would fix our defensive problems;;reddit
Germany have conceded 20 goals in 9 matches.;;reddit
[Berlin POV tonight](https://www.youtube.com/shorts/sUzjGlkMgjQ);;reddit
Wtf did Havertz actually play LB? Didnâ€™t see the game lol;;reddit
"how was Yildiz

edit: boy im liking these replies.";;reddit
Our NT is definitely on a roll after the Montella hire, but this German team really doesnâ€™t belong in the top tier in this current iteration. Idk where you start fixing it.;;reddit
Abdulkerim Bardakci is a good defender.;;reddit
"This is gonna be a long week with my german turkish friends telling me Bayindir is better than prime Neuer, Yildiz being literally a better talent than Messi etc.

I'm ready for it and we deserve it today lmao, fair play to the turkish team";;reddit
Turkey deserved the win! Good job boys. Keep up the good work in European championship;;reddit
That 4-2 defeat with Santos gets worse by the day, jesus christ;;reddit
Nice W.;;reddit
"I know it's a friendly but we're looking pretty scary

Hopefully Gala and FB go far this year too

I hope it's the 2000s again for us rn";;reddit
Still think that the lack of a proper 6 is the main reason for our defensive issues. Henrichs-Tah-RÃ¼diger ain't that bad but they can't do shit when the midfield is basically non existent whenever the opponent wins the ball and just runs or passes through/over the midfield with no pressure. One of Kimmich or GÃ¼ndogan has to be sacrificed for a 6 who may not be as good on the ball as them but atleast offers some defensive stability.;;reddit
abdÃ¼lkerim will probably make a transfer. first the united game and now this game. broâ€™s on fire;;reddit
Turkey Dark Horse for the Euros, but dont let it blind you from the fact that we are still shit;;reddit
Nagelsmann cooking;;reddit
"These comments from all sides are hilarious lmfao, fun game for sure.

Honestly , if Bagelsmann just plays a 6, things would be much much better.

Why do we need Kimmich-Gundo-Wirtz as creators? That's more than enough, one must be replaced. Some teams even play with just a 10 and 2 defensive midfielders.";;reddit
That was disappointing. Onwards to Austria now!;;reddit
deutschland its am arsch;;reddit
Wirtz is unstoppable man, it's a joy watching him! I am watching every single leverkusen game thanks for him.;;reddit
One of the most entertaining friendlies I've seen in forever;;reddit
So many car horns last night;;reddit
Hard game for Germany in an away game.. ah wait;;reddit
excited to see this team at the euros!;;reddit
Flick out;;reddit
home game advantage ^^^/s;;reddit
Nagelsmann 4d chess, hoping to get a ski holiday from the dfb and then be replaced by Tuchel;;reddit
well this match confirmed it, every turkey group stage match at the euro will be a home game. germany was getting booed for the entire 90 min on the ball in their nations capital, kinda pathetic honestly lol;;reddit
Truly is stunning how utterly dog shit Germany are with so much talent;;reddit
[deleted];;reddit
"Maybe Germany are just...bad?

Not exactly a world class squad is it

Edit: not taking anything away from Turkey but you just kind of expect Germany to have turned things around by now because of coaching or whatever, yet no, they're just shit";;reddit
the comments aren't loading but if it is people saying dark horse again, i will explode;;reddit
Couldn't watch the game today. So, from the score line it looks like Germany did a flick era performance.;;reddit
"What a fucking match. Bangers. 

Germans being booed out in their own country ğŸ’€";;reddit
In those trying times I can always cheer myself with the fact that Germany sucks too.;;reddit
Turkish left flank with kadioglu and yildiz was superior in the first half;;reddit
Havertz is a strange player;;reddit
if we actually have a good group we can really pull a morocco but euro version. considering this team will also have gÃ¼ler and Ã¼nal.;;reddit
Did I just read Kai Haverts on the score sheet?;;reddit
Pascal Gross providing defensive stability was sorely missed;;reddit
Havertz is the NFT and Kimmich the Napoleon of footballers;;reddit
LÃ¶w rein;;reddit
The Turkish commentator was amazing the entire game, this really felt like a final;;reddit
At this point, Germany is because a Turkish Ice Cream man when it comes to their performances;;reddit
Didnâ€™t watch, Iâ€™m a massive Havertz fan (I know I know heâ€™s not that good) But  I need to watch just to see how he was at LB;;reddit
The more things change the more they stay the same;;reddit
This German team is pants.;;reddit
Gun to your head name one memorable Leroy Sane moment for the national team;;reddit
It's always nice when the first team plays with their reserves team;;reddit
Maybe Havertz at LB wasnâ€™t a master stroke after all ğŸ¤”ğŸ¤”ğŸ¤”ğŸ¤”ğŸ¤”;;reddit
"Trapp got done dirty by this defense

the NT needs Koch";;reddit
EURO 2008 revenge;;reddit
"Honest question. What is going on with the german national team?
I mean you have a proper coach I think and many talented players.";;reddit
"We can always go lower and lower it seems

Kimmich is so crazily overrated

GÃ¼ndoÄŸan and SanÃ© never perform like they do for their clubs 

Havertz is turning into a lost cause 

FÃ¼llkrug is the only player where I feel like he gives his all, the rest can fuck off at this point, no coach can salvage this lifeless bunch";;reddit
"Tough loss, albeit by way of a stupid pen.

Havertz at LB was actually really good, I can see him work well there with some more experience as he got caught out of position a few times which is expected for your first ever match there.

Encouraging performance still imo";;reddit
Germany losing is always a good time, even if its just a friendly.;;reddit
I love how everyone tries to find a position that Havertz is good and still fails lol;;reddit
"No idea why anyone would still start Kimmich in any squad considering his performance in 2023

Dude is a liability for the entire midfield...

He's no Schweinsteiger or whatever...he's struggling hard and every match like this is going to make it worse.";;reddit
What a game;;reddit
"Kuntz out - > Kuntz in?

What an awful appointment that was and that he was allowed to fuck over our NT for so long. Should've been fired straight after that Portugal debacle... Cunt";;reddit
Sighh disappointed. But we will return stronger;;reddit
ez clap.;;reddit
All the racist germans are gonna be triggered the turks won lmao;;reddit
I'd trust Trapp ahead of Ter Stegen if Neuer can't make it. And least Trapp doesn't concede every goal on target and is a good penalty saver.;;reddit
This game was good. We played good and deserved to win. Also with rotated squad.;;reddit
Sad for Kai the LB, he had a good game, pen ruins it and its not like he did something stupid to give it away;;reddit
The US should have competed better against Germany. Germany looks vulnerable in transition.;;reddit
Praying for the german bros, stay safe this night lmao;;reddit
This is huge;;reddit
i dont like a single player from our current starting 11;;reddit
This germany is screwed while leroy, havertz gnabry, and company are their main attacking players.;;reddit
Turkey will kill the Germans tonight;;reddit
Wirtz please come to arsenal ğŸ™;;reddit
[deleted];;reddit
ğŸ‡¹ğŸ‡·ğŸ‡¹ğŸ‡·ğŸ‡¹ğŸ‡·ğŸ‡¹ğŸ‡·ğŸºğŸºğŸºğŸºâ¤ï¸ğŸ¤˜ğŸ¿ğŸ¤˜ğŸ¿;;reddit
Fuck the German team, they cant even hit the ball right;;reddit
"**GIFs / Stats / Quotes**

*I am a bot, and this action was performed automatically. Please [contact the moderators of this subreddit](/message/compose/?to=/r/soccer) if you have any questions or concerns.*";;reddit
no disrespect but turkey look like the worst team at the euro;;reddit
An uninspired team, invisible attack, useless midfield, subpar defence. Good thing the way home back is not that far.;;reddit
Ramsey is different fucking gravy in a Wales shirt, man. What a performance!;;reddit
Disgrace. No tactics whatsoever.;;reddit
Turkey are one of the slowest international teams I've ever seen. It's like one of those FIFA challenges where you have to play with a full team of 30 pace players.;;reddit
Hopefully this teaches everyone to never ever bet on us, rip people's reddit tokens kek. We have 11 guys on the field looking at each other confused, while everyone else has a team, that's always been the case.;;reddit
Turkey must be the biggest let down so far;;reddit
Bale missed a pen and still MOTM. Turkey poor once again. Good watch though;;reddit
Turkey have been the worst team of the tournament so far, so much for darkhorses lmao, they've been dogshit;;reddit
Turkey wish the feed glitch lasted entire match;;reddit
[deleted];;reddit
Iâ€™m so disappointed in turkey.;;reddit
It might not have the goals in it, but this was the most entertaining game yet;;reddit
"That second goal felt surreal. 


""Nice trick Gareth, nearly had us there.  You won't try it again though!""";;reddit
That game felt like it was inside the last 10 minutes for about an hour. Brilliant fun to watch;;reddit
"That second goal is actually huge. If both Switzerland and Wales beat Turkey but lose to Italy, goal difference will decide 2nd and 3rd. While both would likely advance, 3rd would have to face one of the group winners, while second gets the second place team from Group B - so likely Russia or Finland.

One of those options is ***much*** preferable to the other.";;reddit
Only France (6) have more wins than Wales (5) in the European Championships in the last eight years.;;reddit
Such an entertaining game! Go on Wales!;;reddit
turkey dark horses huh;;reddit
[deleted];;reddit
if bale had scored that pen this would've been the best individual performance of the tournament by far;;reddit
"Awful from Turkey. Fitness levels are seriously abysmal, do they just scoff doner meat wraps before the game or something? I've never seen a team this gassed.

The way Bale just staggered through at the end and the Turkish players were just chilling...jesus";;reddit
fucking brilliant, fair play wales;;reddit
Over the bloody moon. So proud to be Welsh.;;reddit
[deleted];;reddit
"Truly one of the most embarrassing performances of all time, right? Wales should have put 5-6 past us. 

Would have been nice to see Erdoganâ€™s ugly face after that match if only he had a sense of shame";;reddit
Class especially first half, passing and movement was brilliant. So happy to see we've evolved a bit from just being a defensive team we were 5 years, but does help we are more well rounded now.;;reddit
Time to go through the predictions thread and bathe in the shower of shit we received from Turkish fans, thinking that we were a nothing team. Glorious!;;reddit
I feel light headed from celebrations lads, what a performance from the boysğŸ´ó §ó ¢ó ·ó ¬ó ³ó ¿ğŸ´ó §ó ¢ó ·ó ¬ó ³ó ¿ğŸ´ó §ó ¢ó ·ó ¬ó ³ó ¿ğŸ´ó §ó ¢ó ·ó ¬ó ³ó ¿ğŸ´ó §ó ¢ó ·ó ¬ó ³ó ¿;;reddit
Can't even describe my disappointment.;;reddit
So happy for Wales.;;reddit
Has there ever been a manager sacked mid tournament? Senol Gunes surely deserves it.;;reddit
Fuck the haters Savage you keep going babes ğŸ¥°;;reddit
Weâ€™re too bad. The players had no idea how to play. Iâ€™m genuinely baffled as to how these players have had success in Europe. Especially Burak, Yusuf & Zeki.;;reddit
What a fucking win!!! Iâ€™m off to get smashed;;reddit
What even was this game lol. So frustrating yet so entertaining. Pure chaos.;;reddit
"â€œwAleS wOnT mAkE iT oUt Of ThE gRoUpâ€ 

ğŸ´ó §ó ¢ó ·ó ¬ó ³ó ¿ğŸ´ó §ó ¢ó ·ó ¬ó ³ó ¿ğŸ´ó §ó ¢ó ·ó ¬ó ³ó ¿ğŸ´ó §ó ¢ó ·ó ¬ó ³ó ¿ğŸ´ó §ó ¢ó ·ó ¬ó ³ó ¿ğŸ´ó §ó ¢ó ·ó ¬ó ³ó ¿ğŸ´ó §ó ¢ó ·ó ¬ó ³ó ¿ğŸ´ó §ó ¢ó ·ó ¬ó ³ó ¿ğŸ´ó §ó ¢ó ·ó ¬ó ³ó ¿ğŸ´ó §ó ¢ó ·ó ¬ó ³ó ¿ğŸ´ó §ó ¢ó ·ó ¬ó ³ó ¿ğŸ´ó §ó ¢ó ·ó ¬ó ³ó ¿ğŸ´ó §ó ¢ó ·ó ¬ó ³ó ¿ğŸ´ó §ó ¢ó ·ó ¬ó ³ó ¿";;reddit
"golden generation of turkey my ass holy fuck were these last 2 matches horrible.

Doesnt even compare to the 2002 & 2008 Squads my god";;reddit
Turkey getting massively outplayed and losing in Azerbaijan?! This is fucking delicious.;;reddit
Turkey is the worst team of the tournament, their attacking quality is shit;;reddit
Remember though, Yilmaz is what the mainstream media thinks Zlatan is.;;reddit
"Two things I want to say:

1. Wales did really well today, absolutely deserved that they secured top 3 and probably Round of 16. 

2. I will riot if Switzerland don't beat this Turkish team. They've been utter trash in both games and Switzerland SHOULD (but probably won't) finish the group ahead of them and Wales.";;reddit
Yh i have officially lost all my tokens;;reddit
I get what I deserve for looking forward to this tournament.;;reddit
I put 100 tokens on Turkey lol. I'm so shit at betting.;;reddit
Bales attitude for Wales vs club football is day and night.;;reddit
The ball itself played better than Turkish team.;;reddit
Bale is the best British player of all time ğŸ;;reddit
[deleted];;reddit
HOW GOOD IS CONNOR ROBERTS???;;reddit
What a great fucking game man. Pure passion;;reddit
Congrats to Wales. They deserved it. We are absolute shit. Shocking performance.;;reddit
[deleted];;reddit
Wales turned those dark horses into a glue...;;reddit
Wales first team through to knock-outs?! Incredible.;;reddit
Penalty aside that was man against boys from Bale, absolutely class apart out there;;reddit
ITS FUCKING CLASS BEING WELSH;;reddit
If you hit me with a hammer I probably wouldnâ€™t feel anything. Iâ€™m depressed lol. My day is genuinely ruined and I hope I wake up tomorrow in a better mood.;;reddit
Good fucking show cunts ğŸ´ó §ó ¢ó ¥ó ®ó §ó ¿ğŸ´ó §ó ¢ó ·ó ¬ó ³ó ¿â¤ï¸;;reddit
Feel sorry for the Turks, went there on vacation as a kid and everyone was very kind. Just werenâ€™t good enough though, looked like this was their first game together so a team with plenty of talent.;;reddit
"What a game by Bale despite that penalty miss. 

Had high hopes for Turkey but damn they are bad";;reddit
And just to think. This is what the Irish could be if we were just fucking Welsh.;;reddit
It's pretty impressive how Wales went from never attending anything, to reaching knockout stage two times in a row;;reddit
Can't stress enough how much I hate Robbie Savage;;reddit
"Some of the best feelings is when you see supporters crying in the stand, specially when it's not a ""big"" nation. Nice to see Wales winning here!";;reddit
Rip Turkish from AFTV;;reddit
"Only France (6) have won more matches across EURO 2016 and EURO 2020 combined than Wales (5); Wales have the best winning percentage in European Championships history (63%, 5/8).";;reddit
turkeys defense looks horrible;;reddit
"Congrats Wales! ;)";;reddit
wales deserved atleast a couple more;;reddit
Turkey most disappointing team in the tournament. They need to figure out what the hell is going on.;;reddit
What an embarrassment, utter shite display, well deserved for Wales.;;reddit
People were hyping Turkey up before the tournament but they've looked absolutely terrible.;;reddit
Man if James had end product...;;reddit
Turkey are the dark horse from 'Godfather';;reddit
Wales have a 63% win ratio in the Euros, the highest in the tournamentsâ€™ history;;reddit
Wales. Golf. Madrid. **IN THAT ORDER**. I love Bale;;reddit
Wales is all but guaranteed to go through now. Congrats to the Welsh fans.;;reddit
Very impressed by Wales today. A lot better attacking wise compared to their game against the Swiss.;;reddit
Fair play to Wales but Turkey has taken a massive dump on this tournament, they are not having a good time.;;reddit
"Bale and Ramsey were immense. Turkey were horrible. 
Great game of footy. Wales are a sexy team with superb attitude";;reddit
Turkey were shockingly bad, wow.;;reddit
One of the best Turkish side ever on paper and yet the worst one I've seen. Zero passion.;;reddit
"If Wales can get to second in the group theyâ€™ve actually got a really decent run for the next few games. Really difficult to say whoâ€™s gonna do best against Italy between Wales and Switzerland though, but if Italy win tonight I would expect them to rest players against Wales so that might end up favouring the Welsh.

Also wouldnâ€™t be surprised if Turkey totally fall apart against the Swiss.";;reddit
one of the best moments of my life, feels surreal. weâ€™ve fucking done it.;;reddit
Soyuncu the only player who can actually defend today for turkey;;reddit
"So fucking proud right now. Never thought we'd qualify for a Euros let alone two, let alone, get our of the groups in both.


Bale and Ramsey, after missing chances and pens, showed what it means to be Welsh, never give up, keep working til the end


Fucking love Wales, fucking love football, have a good night lads, I'm going down the pub to get fucked";;reddit
Can somebody ELI5 why the commentators so sounded certain that Wales is going into the round of 16?;;reddit
I'm English but I can't help rooting for Wales in their games, so much soul in their squad.;;reddit
Is bale good or is turkey just dogshit;;reddit
Can you imagine a team losing 4-2 to this Turkey?;;reddit
Wales could have legitimately scored five. I donâ€™t know what the fuck happened to Turkeys defense but they were awful;;reddit
More Dead Horse than Dark Horse;;reddit
Petition to rename Wales to Bales;;reddit
Baku is a salt mine right now;;reddit
I can't help but root for Wales, there's something about them that makes them likeable.;;reddit
I don't understand how Turkey is so trash. Slow, unorganized, don't even seem interested in attacking either. They have some good players, surely have to do better than this. Deserved win for Wales.;;reddit
I don't care what people say, bale is a roll royce of a player, even after that missed pen;;reddit
"Couldn't be prouder of this team. From top to bottom they were superb, fantastic performances all round. Joe Allen has become a meme but fucking hell he was solid today with some really nice reads in defence, love that lad.


Cymru am byth.";;reddit
Think we can all agree Joe Allen was MOTM and some Prem club should spend way too much on him ASAP;;reddit
Winner of this game? The Dutch and the Germans, no Turkish Autokorso happening;;reddit
"I thought Ben Davies was great but that was absolutely stupid at the end. Savage embarrassing himself by ignoring it too. 

How come people always moan about English commentators but we have to sit through Savages cheerleading? 

Wales were magnificent, could have been 5";;reddit
The Turks are Twitter are gonna go massive lol;;reddit
"Heard a guy the other night flexing about how much he spent of Turkish players for fantasy and how he ""knows turkey more than any other team in the world."" Enjoy last place in your league lol";;reddit
Wales look like a real team they're going to have a good tournament again.;;reddit
That sprint from James near the end was incredible;;reddit
That Bale / Ramsey connection is something else;;reddit
Bale really loves Wales;;reddit
Bale deserves to go get a quick 27 in;;reddit
GET US TO THE KNOCKOUTS SUPER AARON RAMSEY;;reddit
Wales played good football. We played bad football. Well done Wales.;;reddit
[Reddit's resident football hipsters trying to explain how Turkey were dark horses.](https://streamable.com/m7jr5w);;reddit
[removed];;reddit
"I'm laughing my ass off at the comments prior to the Euro regarding Burak Yilmaz.

But, it's normal considering how completely irrelevant Turkish Football is in Europe and how delusional they are regarding their League, their clubs and national team. Pathetic performance.";;reddit
why wont the mods pin anything on this sub?;;reddit
"Brexit?

Covid?

Whats that?

 Its 2016 and Wales are going to have a party in the Euros";;reddit
Ampadu looked mature  during that scrap towards the end;;reddit
Mental how we're the best team in the history of the Euros.;;reddit
The whistling and booing in the stands was generally getting off my nerves lol;;reddit
Bale motm, he was really good. Watch him revive his career at the euros.;;reddit
What a shit performance, how do u let bale do the same thing twice?;;reddit
Turkey looking like a headless chicken out there;;reddit
What an embarrassing tournament for Turkey. Absolutely toothless in attack and horrible defence. I won't miss them;;reddit
"Lmao cheeky ref. ""I'll let them play it in to the Welsh half and then blow""";;reddit
De Boer is a twat;;reddit
"Wasn't necessarily why they lost the game but you can basically sum up Turkey's defensive efforts today by letting Bale spin away after pretending to hold it in the corner, giving up a great chance, conceding a corner and letting him do exactly the same thing again

Thought Morrell was great and Roberts deserved his goal, whilst other players were out on their feet he was a complete workhorse";;reddit
Icing on the cake that goal for Roberts, he was fucking sensational throughout.;;reddit
Those four cards in the end saved my bet lmao;;reddit
What a banger of a game. Enjoy Wales fans!;;reddit
My congratulations to Wales from Kurdistan;;reddit
Yes, Turkey was poor, but I want to talk about one of the unnoticed players of the day: Joe Morrell. I watch a decent amount of football, and had never heard of the guy, but he had a good game. He seemed to be everywhere, just like Ramsey.;;reddit
Wales vs Italy is gonna be a spicy one.;;reddit
Ramsey MOTM?;;reddit
hakan ready to go to maldini and accept anything he's offered. mans a perennial choke artist. should be no where near milan. spurs is a perfect place for him;;reddit
I honestly thought everything in football had been tried out by now. But no... Gareth Bale apparently waits till the Euros before inventing a new type of corner kick. One that's so devastating he can get away with it twice on the run.;;reddit
pain;;reddit
Fuckin hell boys that was a bit special wasnâ€™t it?! Cymru am byth!;;reddit
My call of Wales winning the Euros inches ever so closer to fruition;;reddit
I liked Savage on commentary;;reddit
Turkey's defence was genuinely terrible. Don't know what the commentator was talking about praising Soyuncu towards the end, maybe it was one of the only players they know? While Wales were running at them, they just backed off, committed cynical fouls and allowed Wales to walk right through them. Last couple of minutes was a joke from them too;;reddit
Itâ€™s the history of the ottoman;;reddit
Find it extremely funny everyone saying Italy are the main contenders, after France, because of their match versus this Turkey;;reddit
Iâ€™ve never seen â€œnazarâ€ hit us so badly. What a disappointment.;;reddit
Turkey is dissapointing but also Wales is underrated tbh. They've been solid for a minute now.;;reddit
"As an Armenian fan, thank you Wales

That last goal after the scrap was the cherry on top.

I really admire your style of playing with the fakes. Players are fast, tall, accurate, and strong.";;reddit
"maybe the best performance in the tournament so far, if Ramsey could have finished it would have been reflected in the score.

Turkey on the other hand have been a let down, they seemed to have good players and good results.
however they might still make it to the next round.";;reddit
Bye bye Turks lmao;;reddit
Bale with the performance of the tournament so far;;reddit
my ears hurt;;reddit
EAT SHIT ERDOGAN;;reddit
Get fucked Baku and Turkey! Weâ€™re on the move!;;reddit
"Llongyfarchiadau Cymru

And good riddance turkey";;reddit
I really wish Wales hadn't scored that second goal at the end. It's not good for us if it comes down to GD lol;;reddit
Anyone else get really annoyed by Robbie Savage's commentary? Him simping for teams gets really fucking annoying after a while. I understand it's the BBC but ffs;;reddit
Ro16 baby;;reddit
Turkey pretty much no chance of getting through now, with a -5 goal difference.;;reddit
god I am so happy right now!;;reddit
Huge congrats to Wales!;;reddit
"I feel like I've just come back from a run. Fucking hell what a match.

Bale or Ward MOTM, I just can't decide. Both crucial to keep us in it.";;reddit
Loved the Welsh performance today;;reddit
Bale incredible stuff. What a legend.;;reddit
These boys do us proud every fucking time in. Well in boys.;;reddit
Well done to Wales, but damn they didn't make it easy for themselves!;;reddit
They'll be dancing in the street of Eglwyswrw tonight!;;reddit
"I dont understand Turkey literally only conceded 3 goals in the qualifers and they beat France and drew against them as wellâ€¦

WTF happenedâ€¦";;reddit
YEEEEESSSS. Gareth ffycing Bale. So so secsi;;reddit
Congrats Wales although the best five minutes of that match was the bit where all the pictures went wrong and nobody had to listen to Robbie Savage.;;reddit
Feel like I've run a marathon, that was fucking exhausting. Massive win though! Also lovely to see Roberts get a goal too, he deserves it;;reddit
Fucking Wales go on rooting for you lads from Bulgaria;;reddit
Turkey tried to do the pass to the forward and do a flick thing so many times and it failed miserably every time;;reddit
good thing I have double nationality;;reddit
"Turkey looked like horseshit against Italy, but that's Italy so may be they were just outplayed by a better team.

Today Turkey is officially confirmed horseshit.";;reddit
"Senol Gunes is the worst coach of the tournament. 

Starting with Ozan and Kenan, starting without Yusuf and Merih. Taking off Cengiz, playing Hakan for 90 mins. Putting Irfan way too late. No Kerem. 

Just a horrible coach. If we didnâ€™t have Ugurcan, it would end like 5-0";;reddit
Dan James has just upper his price tag by about 15 million, Brendan Rodgers could work miracles with that lad;;reddit
genuinely a world-class performance from Bale, even with the missed penalty;;reddit
"Me: ""fucking keep it in the corner you twat""

Also me: ""brilliant goal, that was the right decision by Bale""";;reddit
So if Italy win their next game Wales are guaranteed to be through right?;;reddit
Meanwhile random Ronaldinho on the drums because why not ;;reddit
Lloris has a bet on for 4-2;;reddit
[deleted];;reddit
I'll never understand while fuckery like kicking the ball away before a free kick isn't an automatic yellow. ;;reddit
Imagine the biggest game in the world not being a stickied thread.;;reddit
"Lmao, the Telemundo commentators: ""I don't know where they're from, but they'll be living here now""

Lol";;reddit
Croatia is definitely playing like itâ€™s the one final theyâ€™ll see for decades.;;reddit
"FIFA has unlimited money and yet I can't think of a single good starting or closing ceremony from them.
";;reddit
"First step of Croatian master plan accomplished.

Now proceed to score a goal and win in extra time.";;reddit
Again, for sheer entertainment, this is the best final I've ever seen. ;;reddit
ooh look lloris learned;;reddit
At the end we didnâ€™t have anything to lose in this game, second place is already unbelievable. And the team showed a lot of character and should be proud. ;;reddit
Lloris: Not falling for that again ;;reddit
Gotta give it to our president - only girl on the stage, wearing the jersey! ;;reddit
Reddit crashed and rolled like Neymar for 5 minutes;;reddit
"Fuck it, they won it in my hearth.

Congratz France, we gave it our all.

20 years ago we won bronze today we won silver in 20 years were fucking coming for it!!!!";;reddit
"The game within the game: Will the mods sticky the final of the biggest football tournament on earth or will they keep the pointless ""knockout stage hub""? Stay tuned!!!";;reddit
[deleted];;reddit
goddamnit and next will be maradona coming in like a wrecking ball;;reddit
Never go 1-0 up against croatia;;reddit
Lack of Russian hardbass disgusts me;;reddit
They walk in front of the camera at the critical celebration moment, are you serious.;;reddit
"Currently in Paris, shit is wild here, they shut down the Eiffel Tower by 1 pm I think cause 90,000 fans went there 4 hours early.

";;reddit
[deleted];;reddit
Fools! If you score against Croatia, you only make them more powerful.;;reddit
#r/soccer broke reddit lmao;;reddit
As a fan of Tennis and Football, Novak is doing me a big favour by winning his match quickly. ;;reddit
German Commentator: *Will Smiss*;;reddit
These performances keep getting worse and worse every year. Despacito sounds like fucking Beethoven compared to this garbage. ;;reddit
[deleted];;reddit
Why donâ€™t refs properly add VAR time?;;reddit
Imagine buying tickets to the World Cup Final and doing that in the 53rd minute. ;;reddit
Lads, this means that the World Cup is soon over... 4 and a half year for the next one..;;reddit
"Upside: majority of goals scored by our players

Downside: reality

But in all honesty, we're doing great, it's a great game and I am so stoked that we're here, man.";;reddit
Why can't they get the Moscow Philarharmonic or something to do Tchaikovsky or Rachmaninoff ? It would so much more authentic and better. ;;reddit
Well, now we know who is going home in the group stage in Qatar 2022.;;reddit
https://i.imgur.com/Sv9yAw6.jpg;;reddit
Unfortunate for Croatia, it's been an incredible run for you guys and you should definitely be proud of your team;;reddit
That's incredibly ballsy pitch invading a match in Russia. Hope they enjoy the Gulag.;;reddit
Croatia should be unbelievably proud of their team.;;reddit
This thread is the Chernobyl of bad opinions and cynicism but I canâ€™t look away ;;reddit
What the fuck is Will Smith doing here??;;reddit
Will Smith really out here rapping in 2018;;reddit
"Croatia's coach is the living embodiment of the ""I'm not angry, I'm just disappointed"" dad face";;reddit
HOW THE FUCK DOES CROATIA WIN 3 HEADERS IN FRANCES BOX ? UNBELIEVABLE;;reddit
Hi, have you or a loved one ever watched the 2018 FIFA World Cup? If so, then you may be at risk of a heart attack.;;reddit
Imagine leading shots 7-1 but losing 2-1;;reddit
A blunder like that in the world cup;;reddit
Lmfao lloris not taking any chances;;reddit
Own goals, keeping howlers, VAR and one player scoring at both ends ğŸ˜‚ğŸ˜‚ğŸ˜‚ this World Cup Final has everything ;;reddit
"From a tweet by XavsFutbol

>Raphael Varane, 4x Champions League winner, 2x La Liga, 3x UEFA Super Cup, 3x FIFA Club world cup, 2x Supercopa de EspaÃ±a, and now adds a World Cup trophy to that list. Varane has completed football at age 25.

My goodness.";;reddit
4-2 in a World Cup final lol what ;;reddit
Well done croatia, you should be proud of yourselves ;;reddit
Everyone's having great time hugging Croatian president;;reddit
Will Smith all the way over to Russia from America AND you donâ€™t get him to perform â€˜The Fresh Prince Of Bel Airâ€™ at the World Cup closing ceremony?;;reddit
"Number of World Cup won:
-Messi : 0
-Cristiano Ronaldo: 0
-Giroud: 1";;reddit
Curious what the breakdown of â€œCroatia Supporters vs France Supporters vs â€˜I donâ€™t care about Croatia, but fuck France and everything theyâ€™ve ever doneâ€™ Supportersâ€ in this thread. ;;reddit
Domagoj Vida has the most unsettling haircut I've ever laid eyes on...;;reddit
"Even though the score says otherways, Croatia has been far better in this match in my opinion, (even thoug I support France in this match).
If this will be the final resoult I would feel for Croatia.";;reddit
[deleted];;reddit
This final is actually fun to watch;;reddit
That soprano + Ronaldinho was actually kinda cool;;reddit
It took 4 mins and 17 seconds for that VAR call and they gave 3 mins of extra time. What a fucking joke. ;;reddit
Loooool see you guys in gulag ;;reddit
If France loses Lloris will never sleep again ;;reddit
LMAO SECURITY RUINED THE SHOT;;reddit
"Best part of soccer IMO?  

No fucking commercials every 30 fucking seconds. ";;reddit
Of all countries I would not do that shit in, Russia is pretty high on the list. ;;reddit
#BAH GAWD, THAT'S VAR'S MUSIC;;reddit
3!? There were probably 2 for the VAR + penalty alone;;reddit
Damn Kalinka with Ronaldinho was awesome;;reddit
Ecstasy of gold. Chills;;reddit
Has a final ever had this action in it ;;reddit
I remember once in a rugby match I got subbed on and did the classic walk slow to waste time in the last 5 minutes of the game, before realizing I had read the scoreboard wrong and we were the ones losing by 2 points ;;reddit
IM SO SAD THE WORLD CUP OF BANGERS AND UNDERDOGS IS OVER :(:(:(:(:(:(;;reddit
[deleted];;reddit
That fucking fortnite celebration;;reddit
The lip sync is so bad;;reddit
Send them to the gulag.;;reddit
Stupid fucking people. ;;reddit
Gulag;;reddit
Damn Vida looks like he's gonna go raid a medieval village now.;;reddit
I had a dream last night that France got the game to 2-0, but Croatia came back to win it 3-2. I did also dream that I came in the pitch and helped them so take this prediction with a small grain of salt. ;;reddit
**WATCH OUT ENGLAND IS GOING TO SCORE WHILE FRANCE IS CELEBRATING!!**;;reddit
Is Subasic injured? It looks like he cant actually jump;;reddit
Theyâ€™re brave doing that in Russia, doubt theyâ€™ll ever be seen again lol ;;reddit
Who the fuck is dumb enough to do that in Russia;;reddit
/r/soccer now on suicide watch;;reddit
LLORIS KARIUS;;reddit
Modric sad like Messi was.;;reddit
Putin is the only one on stage that stayed dry.;;reddit
"Reminder that the mods stickied the ""royal wedding match thread"" but not the final of the world cup";;reddit
This doesnâ€™t even feel like a final anymore lol. ;;reddit
Croatia can be proud of themselves. They fought until the end like always.;;reddit
Not much of a historian but for a country who declared it's independence in 1991 this is pretty fucking incredible. They went out in the group stage in 2014 (sorry) and all the others but 1998, climbed their way all up to the Final this time, I like that. ;;reddit
Croatia president is an absolute sweetheart. I love her. ;;reddit
I'd kill to have Croatian president hug me;;reddit
Lol only +3 after all that?;;reddit
"Announcer with a bold statement on tv here ""the team who loses won't be the champion, the team who wins will"" ";;reddit
The Pitch invaders officially have more possession time than France.;;reddit
Well done Croatia, you were impressive and fantastic throughout. Be proud of the 2nd place.;;reddit
[removed];;reddit
"Man Croatia you guys made me fall in love with your team.

I think you guys can hold your heads high.";;reddit
Croatia's President hugging everyone lol;;reddit
French pres x Croatian pres fanfic;;reddit
Wait wait wait....worldcup is over...now what are we gonna do?;;reddit
"Croatia deserve that goal and more

Love u Perisic. Sick goal";;reddit
How is it only 3 mins after 3 goals + a pen review lmao?;;reddit
[deleted];;reddit
"Holy shit Ronaldinho.... 

Now we know who gets the Golden Ball. SURPRISE WINNER RONALDINHO!!!!";;reddit
If Croatia somehow comes back the memes will never end;;reddit
"Mboop: Does anything near the ball

Fox: WOW WHAT A MOVE, INCREDIBLE FROM THE TEENAGE SENSATION, I CANT BELIEVE MY EYES WE ARE WITNESSING GREATNESS";;reddit
"FIFA: don't show hot woman

Broadcasters: What about Tits?";;reddit
3 mins fucking lol;;reddit
France with 2 goals on 1 shot who says Germans are the efficient ones;;reddit
obtainable silky continue cow rain disgusted carpenter jellyfish telephone label -- mass edited with redact.dev;;reddit
GK that have lived in GB for too long are prone for meme goalkeeping;;reddit
Losing the final hurts like a mothefucker but to all Croats out there. Your team was absolutely amazing. You totally earned your place.;;reddit
As a neutral this was an entertaining game and feel bad for croatia and congrats France;;reddit
Croatians don't even cry. Tough motherfuckers. ;;reddit
This went from shit to best ceremony really quick;;reddit
Croatia is the better team this half by far, but losing. Thatâ€™s football.;;reddit
**Presentation delayed until VAR can verify France has won**;;reddit
Aww the Croatian president is kind of like the teamâ€™s mom;;reddit
Umtiti goes down so often he's ranked on PornHub.;;reddit
no yellow? was a tactical foul...;;reddit
NOT LIKE THIS, WE ARE NOT GOING TO LOSE LIKE THIS;;reddit
Check if he is concussed;;reddit
This match is the epitome of an online Division 7 Fifa match ;;reddit
the goalies are trying to 1 up Kairus;;reddit
WHAT THE FUCK IS THIS WORLD CUP;;reddit
Highest scoring final since 1958 wow;;reddit
It didn't go home, but it is as close as possible. ;;reddit
Imagine losing the World Cup final and this shit music starts blasting in the stadium;;reddit
I have to admit this rain is almost poetic.;;reddit
Must suck being one of those airline ladies, having to show nothing but a huge smile even when you're getting poured on;;reddit
Two suits just walked right in front of the camera when France lifted the cup! ;;reddit
[deleted];;reddit
[deleted];;reddit
Literally the first bad call the ref makes and it's potentially game deciding...;;reddit
Bad call leads to a goal;;reddit
Imagine the state of this sub if Griezmann dives to win a pen, scores it and does the fortnite celebration. ;;reddit
[deleted];;reddit
I have to say this has been far more exciting than the past two WC finals. ;;reddit
I hate the fans that run onto the pitch and ruin the play;;reddit
"Imagine runninng onto the pitch during a World Cup final, IN RUSSIA.

Youâ€™re behaving like you have nothing to lose.";;reddit
Subreddit about soccer, world cup final is not a sticky post. Never change mods...;;reddit
as sad as it is, thats 100% handball;;reddit
What the fuck is Subasic doing? Does he even care to make an effort? ;;reddit
">lots of fouls
>three goals
>referee spending half an hour on a VAR decision

3 minutes added time ";;reddit
This final did not disappoint;;reddit
[deleted];;reddit
How isn't that a yellow card?;;reddit
"So this happened to my broadcast in the 41â€™ minute https://m.imgur.com/a/hSViXGL

Edit: the commercial went all the way through and lasted nearly a minute ";;reddit
Fucking pitch invaders ;;reddit
Props to Mbappe for not taking advantage of the opportunity to go down in the box. ;;reddit
Croatian defense is fucking breaking down. What a calamity. ;;reddit
What. This fuckin game man.;;reddit
Mandzukic being the real MVP and scoring for both teams;;reddit
should be corner;;reddit
Croatia did an amazing job during this WC, they should be very proud.;;reddit
Damn, the WC is over :(;;reddit
"No matter what happens today, Iâ€™m so incredibly proud of Croatia for making it this far. Win or lose, we made history making it this far and if we lose to a team like France, I canâ€™t be upset. 

Best of luck to both teams today!!! The midfielding in this game is going to be a real spectacle. ";;reddit
Antoine sleazeman;;reddit
THAT WAS A DIVE;;reddit
Yeah fuck France;;reddit
"""There doesn't have to be contact for a foul to occur"" Alexi Lalas defending Griezman's dive. Are you fucking serious? FOX with the most trash coverage. ";;reddit
Dumb move, now Putin's going to give you pitch invaders the fucking nerve agent ffs;;reddit
send to gulag;;reddit
SUITS + MILITARY COATS ARE NOT HOW YOU STREAK;;reddit
"Fucking hell mate wait til the match is at least almost over.

You're gonna miss half of the fucking World Cup final. ";;reddit
Single ticket to the Gulag!;;reddit
RIP those 3 people ;;reddit
Lads, it's Tottenham.;;reddit
Imagine doing that in the world cup final ;;reddit
Thatâ€™s why they say that 4-1 is the most dangerous lead. ;;reddit
Lol wtf. Commentator just said the ref was a prison guard in an Argentinian movie. Said he was type cast LMAO;;reddit
Varane at 25 has 4 CL and 1 WC, what a player.;;reddit
"3 min LOL

Just stop the clock for reviews if no one can time those properly";;reddit
One day, we'll have the technology to get the right call. One day.;;reddit
"WC final checklist

* Own goal â˜‘
* Banger â˜‘
* Penalty â˜‘
* Blunder *lel* â˜‘

Complete package, sums up this whole Tournament. 

Too bad, we don't get this

* 90th minute screamer â˜’
* High class drama â˜’

Too bad Subasic was off today, hamstring injury get better of him and we all know it. 

Congrats FRANCE!, GG Croatia";;reddit
Dear God, bring Robbie back. ;;reddit
Wait, did I just miss Ronaldinho?;;reddit
Get ready for 70 minutes of france not playing football;;reddit
Game fucking on.;;reddit
Ooooeee good thing it's still 0-0 in the 34th according to our thread;;reddit
Can France ***earn*** a goal if they insist on being in the lead?;;reddit
Surely should be more than 3 minutes, the penalty alone must've been more than that;;reddit
France is legitimately just stumbling into a win lol. ;;reddit
Fans running out on the field in Russia? Wow they really must want to die or something ;;reddit
How the fuck did people get past security guards placed every 3 feet ;;reddit
"~~Own goal~~

~~Banger~~

~~VAR penalty~~

~~Goalkeeper howler~~
";;reddit
"[Slow loris] (https://upload.wikimedia.org/wikipedia/commons/thumb/6/60/Nycticebus_coucang_002.jpg/800px-Nycticebus_coucang_002.jpg)

[Slow Lloris] (https://i.imgur.com/JnCh9m5.png)";;reddit
Here comes the time wasting bullshit again;;reddit
"Good playing Croatia. Much respect.
Congratulations France!";;reddit
Why the fuck are you playing Pirates of the Caribbean? At least play We Are The Champions or something;;reddit
"`Pogba.exe has stopped responding`

Hope someone will GIF it.";;reddit
The tears of the Croatian president makes me sad :(;;reddit
Croatia's president is so touchy. I like that.;;reddit
LOL! Umbrella for Putin,  not for the presidents of Croatia and France ;;reddit
Lol Putin couldn't stop rain so they brough an umbrella guy.;;reddit
I just hope croatia fire keaps burning for euro 2020;;reddit
"1 shot, 2 goals

France = FIFA 18";;reddit
KARIUS RETURNS FROM THE GRAVE ;;reddit
I will have nightmares of that first half but France did better in the second, they executed their game plan to perfection, we just couldn't break them down. Congratulations are in order, I still can't believe I saw Croatia dominating a world-class opponent in a fucking World Cup final.;;reddit
Alexi Lalas just said the Griezmann dive was a foul and that â€œthere doesnâ€™t have to be contact for it to be a foulâ€. God Iâ€™m ashamed to be American whenever he opens his mouth. ;;reddit
Croatiaâ€™s dominating. Except the score.;;reddit
France won the world cup but Croatia won the hearts of the world. Croatia, keep your heads high, that was a phenomenal effort. Modric, you're  a gem! â¤;;reddit
Fortnite celebration should be instant disqualification from World Cup;;reddit
Hmmm that dive though ;;reddit
that already leaves a bad after taste and the match is so young;;reddit
Itâ€™s far from over, Croatia has been threatening the entire time, France looks like the worse team so far and got bailed out by the dive;;reddit
France already crying about calls after being gifted a goal ;;reddit
JUSTICE!;;reddit
"Croatia: 

You have activated my trap card

; )";;reddit
#WHAT A FUCKING GOAL;;reddit
"OG Check

Banger Check";;reddit
Lmao goes back for another look;;reddit
Iâ€™m all for keeping the game moving but for instances like this the clock has to be stopped. ;;reddit
Ref has extremely large balls;;reddit
Cringe;;reddit
Fucking fortnite celebration;;reddit
"My mom just asked, ""So they have to take the penalty from the spot in the box where the handball was?"" 

She's seen 250+ soccer games in her life.";;reddit
Croatia clearly better side in the 1st half. Quite a bit unlucky tho;;reddit
Really entertaining first half, though I feel like 3 minutes of stoppage wasn't nearly enough when you factor in the replay ;;reddit
France is playing pretty disappointing tbh;;reddit
Did Lalas just say there doesn't need to be contact to be a foul?;;reddit
This sums up this World Cup perfectly. An own goal, a set piece and a VAR penalty. Classic ;;reddit
What kind of shit show is this ;;reddit
Love how they didn't even try to show the dumb ass intruder so they didn't get the attention they wanted.;;reddit
There are hundreds of yellow shirts lining the field.  How does that happen?!;;reddit
France was so good defensively against Belgium, now they're giving away chances left and right. Croatia unlucky not to have equalized yet. ;;reddit
Pogba with a terrific pass then finish;;reddit
What is Subasic doing?;;reddit
All the extra minutes catching up to Croatia now.  Referring decisions havenâ€™t helped them, but those are some tired men.;;reddit
This is the first time I've seen Croatia shook this tournament. ;;reddit
hahah now this is a shitshow;;reddit
Wtf is this game?;;reddit
Wtf this game is insane ;;reddit
Lloris is a fucking dumbass;;reddit
France choking this would be hilarious;;reddit
WELL DONE CROATIA!!! KEEP PUSHING AYEEE;;reddit
Wtf is this game;;reddit
"Croatia cannot afford to play for the next 20 minutes like it's over. Because it's not.  

Cannot allow the tempo to die down.   ";;reddit
Oi ref, fuck out the way;;reddit
Goals scored in this final = Goals scored in four previous finals combined = 6;;reddit
Remarkable run from Croatia regardless, well played HRVATSKA.;;reddit
Looks like France are gonna be out in the groups in 2022.;;reddit
France won, but Croatia played outstanding, great job to the winners and runner up! ;;reddit
Brutal. Congratulations France;;reddit
Really sad, but this was a really beautiful game. And a final. You don't see that so often...;;reddit
WHAT THE FUCK IS THIS MUSIC??;;reddit
Modric with the Golden Ball well deserved. Courtois also well deserved;;reddit
"> Russian authorities have dealt with these things with a smile


Is there a more sinister phrase than â€œRussian authorities have dealt withâ€?";;reddit
Var should be used to stop this shit. Fuck.;;reddit
[deleted];;reddit
Ronaldinho playing drums is the most random thing here;;reddit
Louis Vuitton case for the World Cup hahahahaha;;reddit
Bullshit;;reddit
#5* WEAK FOOT!!!!!!!!!!!!!!!!!!!!!!;;reddit
Man Subacic sucking it up out there.;;reddit
[deleted];;reddit
Dive leads to a goal. What bullshit.;;reddit
[removed];;reddit
r/soccer is gonna be very salty tonight;;reddit
Smh at all these racists saying that the French team is just Africans. Majority of these â€œAfricanâ€ players were born in France and without French youth development they wouldnâ€™t be the players they are today. They are French no matter their ethnicity. ;;reddit
That  take the L celebration wont sit well ITT lol;;reddit
Stoppage time is footballâ€™s biggest downfall. Why not just pause the fucking clock when shits going on. No one wonder players waste so much time rolling and diving and arguing, theyâ€™re basically incentivized to do so. They know the amount of stoppage time added on will never be as much as the time that was actually wasted. ;;reddit
Croatia definitely the better team. France ahead with two lucky chances. As long as Croatia hold up at the back, I see them tying the game at least in the second half. ;;reddit
Feels weird to see a tottenham player lift a trophy. ;;reddit
What is the point of VAR if they can't use it to tell the referee if the player is diving.;;reddit
[deleted];;reddit
this is all the tears of r/soccer;;reddit
Where the fuck did Will Smith come from?;;reddit
My heart is checkered red and white today.;;reddit
dive LOOOL;;reddit
If they score it's more evidence for expanding VAR;;reddit
Griezmann you fucking twat;;reddit
OP terrible with updates.  How is this the official thread?;;reddit
I'm sure this VAR call won't create massive amounts of salt.;;reddit
Damn Subasic.. my heart stopped for a second;;reddit
Only 3???;;reddit
Why are France playing like they have a lot less talent? So timid and cheap;;reddit
I know stats are barely anything, but how is France winning with [these stats!!](https://i.imgur.com/a6WIK2T.jpg);;reddit
Should be 1-1 right now, and Croatia is playing better.;;reddit
LMAO 4?;;reddit
Imagine doing that infront of 2 billion people;;reddit
G U L A G ;;reddit
Throw them in the gulag.;;reddit
"Congratulations; you've won an all expense paid trip to Siberia!";;reddit
I don't mind if France win off goals like that. I'm still hoping for Croatia ;;reddit
Ok, now France can say they earned this. 2 legitimate, uncontroversial goals vs Croatias 1.;;reddit
"Fun fact:

2 more goals and this ties the 1998 and 2014 final for most goals in a single World Cup (171). 3 more and it becomes the highest scoring World Cup of all time. ";;reddit
~~2018 is the year of the keeper~~;;reddit
I canâ€˜t get over Llorisâ€˜ fuck-up, holy shit;;reddit
Best World Cup final in a loooong time, just by the amount of goals and funny shit thatâ€™s gone on;;reddit
This final already has as many goals as the previous 4 combined. ;;reddit
Props to Croatia for never giving up;;reddit
Should have been a corner.;;reddit
First world cup final in 16 years to not go to extra time.;;reddit
